noise_level,step,theta,rho_win
0.2,128,0.6991786858945844,0.08973357368230653
0.2,256,0.6977419533808474,0.08183551505193382
0.2,384,0.6973338926004423,0.09433472859014777
0.5,128,0.7050558052987501,0.16319756623437692
0.5,256,0.7078251575007573,0.1358808538497757
0.5,384,0.7100614372098851,0.12990978573928802
0.8,128,0.7072907728252615,0.19113466031576942
0.8,256,0.7180941542656822,0.2368649612115741
0.8,384,0.7247861631320738,0.18817364939631362
