noise_level,rho_strict_mean,rho_flex_mean,saving_strict,saving_flex
0.2,0.06875485527438331,0.08863460577479604,0.9312451447256167,0.911365394225204
0.5,0.13142806868950982,0.14299606860781355,0.8685719313104902,0.8570039313921864
0.8,0.2237157823242449,0.20539109030788572,0.7762842176757551,0.7946089096921143
