noise_level,step,theta,rho_win
0.2,128,0.6993053529644602,0.09131691205575221
0.2,256,0.6953070818547642,0.04984794936991662
0.2,384,0.6926089165694674,0.06509970439748108
0.5,128,0.703804099428041,0.14755124285051266
0.5,256,0.7056162815529647,0.12360330141855644
0.5,384,0.7073543288658622,0.1231296617994603
0.8,128,0.7111242618163105,0.23905327270388155
0.8,256,0.7191958623222384,0.20367607177817637
0.8,384,0.7290853852750477,0.22841800249067673
