noise_level,rho_mean,rho_std,theta_mean,theta_std,windows
0.2,0.062402705312082744,0.00764098190966225,0.6936966910330059,0.0022853034570051414,3
0.5,0.14830817398715268,0.0021555056756477763,0.7077070002563676,0.0030519385895853555,3
0.8,0.21344506258537177,0.00878987471531887,0.7181981503123457,0.007190962472511106,3
