noise_level,step,theta,rho_win
0.2,128,0.6967101478630604,0.058876848288256116
0.2,256,0.6932015091003252,0.05531955243157557
0.2,384,0.691178416135632,0.07301171521641654
0.5,128,0.7038886006387266,0.14860750798408365
0.5,256,0.7078736840675858,0.1507856930204207
0.5,384,0.7113587160627903,0.14553132095695367
0.8,128,0.7090889192301331,0.21361149037666372
0.8,256,0.7188372398683852,0.22412623778568555
0.8,384,0.7266682918385188,0.20259745959376604
